srcid,ra,dec
1,23.462042,30.660222
